<?xml version="1.0" encoding="utf-8"?>
<scene>
	<camera>
		<position>
			<x>0</x>
			<y>0</y>
			<z>-1024</z>
		</position>
		<window_position>
			<x>0</x>
			<y>0</y>
			<z>0</z>
		</window_position>
	</camera>

	<lights>
		<light>
			<position>
				<x>-110</x>
				<y>0</y>
				<z>0</z>
			</position>
			<color>
				<r>1</r>
				<g>1</g>
				<b>1</b>
				<a>1</a>
			</color>
		</light>
	</lights>

	<objects>
		<object>
			<type>mesh</type>
			<position>
				<x>0</x>
				<y>0</y>
				<z>256</z>
			</position>
			<diffuse_color>
				<r>0</r>
				<g>0</g>
				<b>1</b>
				<a>1</a>
			</diffuse_color>
			<specular_color>
				<r>1</r>
				<g>1</g>
				<b>1</b>
				<a>1</a>
			</specular_color>
			<properties>
				<refraction_coef>1</refraction_coef>
				<transmission_coef>0</transmission_coef>
				<specular_coef>1</specular_coef>
				<diffuse_coef>1</diffuse_coef>
				<ambience_coef>1</ambience_coef>
				<reflective>false</reflective>
				<polygons>
					<polygon>
						<vertex>
							<x>-128.0</x>
							<y>0.0</y>
							<z>256.0</z>
						</vertex>
						<vertex>
							<x>0.0</x>
							<y>128.0</y>
							<z>256.0</z>
						</vertex>
						<vertex>
							<x>-128.0</x>
							<y>128.0</y>
							<z>256.0</z>
						</vertex>
					</polygon>
					<polygon>
						<vertex>
							<x>-128.0</x>
							<y>0.0</y>
							<z>256.0</z>
						</vertex>
						<vertex>
							<x>0.0</x>
							<y>0.0</y>
							<z>256.0</z>
						</vertex>
						<vertex>
							<x>0.0</x>
							<y>128.0</y>
							<z>256.0</z>
						</vertex>
					</polygon>
				</polygons>
			</properties>
		</object>

		<object>
			<type>mesh</type>
			<position>
				<x>0</x>
				<y>0</y>
				<z>256</z>
			</position>
			<diffuse_color>
				<r>0</r>
				<g>1</g>
				<b>0</b>
				<a>1</a>
			</diffuse_color>
			<specular_color>
				<r>1</r>
				<g>1</g>
				<b>1</b>
				<a>1</a>
			</specular_color>
			<properties>
				<refraction_coef>1</refraction_coef>
				<transmission_coef>0</transmission_coef>
				<specular_coef>1</specular_coef>
				<diffuse_coef>1</diffuse_coef>
				<ambience_coef>1</ambience_coef>
				<reflective>false</reflective>
				<polygons>
					<polygon>
						<vertex>
							<x>0.0</x>
							<y>-128.0</y>
							<z>128.0</z>
						</vertex>
						<vertex>
							<x>128.0</x>
							<y>0.0</y>
							<z>128.0</z>
						</vertex>
						<vertex>
							<x>0.0</x>
							<y>0.0</y>
							<z>128.0</z>
						</vertex>
					</polygon>
					<polygon>
						<vertex>
							<x>0.0</x>
							<y>-128.0</y>
							<z>128.0</z>
						</vertex>
						<vertex>
							<x>128.0</x>
							<y>-128.0</y>
							<z>128.0</z>
						</vertex>
						<vertex>
							<x>128.0</x>
							<y>0.0</y>
							<z>128.0</z>
						</vertex>
					</polygon>
				</polygons>
			</properties>
		</object>
		
	</objects>
</scene>
