<?xml version="1.0" encoding="utf-8"?>
<scene>
	<camera>
		<position>
			<x>0</x>
			<y>0</y>
			<z>-1000</z>
		</position>
		<window_position>
			<x>0</x>
			<y>0</y>
			<z>0</z>
		</window_position>
	</camera>

	<lights>
		<light>
			<position>
				<x>0</x>
				<y>0</y>
				<z>0</z>
			</position>
			<color>
				<r>1</r>
				<g>1</g>
				<b>1</b>
				<a>1</a>
			</color>
		</light>
	</lights>

	<objects>
		<object>
			<type>cylinder</type>
			<position>
				<x>0</x>
				<y>-250</y>
				<z>256</z>
			</position>
			<diffuse_color>
				<r>0</r>
				<g>1</g>
				<b>1</b>
				<a>1</a>
			</diffuse_color>
			<specular_color>
				<r>1</r>
				<g>1</g>
				<b>1</b>
				<a>1</a>
			</specular_color>
			<properties>
				<refraction_coef>1.5</refraction_coef>
				<transmission_coef>0</transmission_coef>
				<specular_coef>1</specular_coef>
				<diffuse_coef>1</diffuse_coef>
				<ambience_coef>1</ambience_coef>
				<reflective>false</reflective>
				<radius>100.0</radius>
				<height>200.0</height>
			</properties>
		</object>
	</objects>
</scene>
